EntityGlobalId,PSetName,PropName,PropValue
2DedXznHnDaeAWsrTB_q8F,Pset_ManufacturerTypeInformation,Manufacturer,Window: Manufacturer
2DedXznHnDaeAWsrTB_q8F,Pset_ProductRequirements,Category,Windows
2DedXznHnDaeAWsrTB_q8F,Pset_QuantityTakeOff,Reference,10x10
2DedXznHnDaeAWsrTB_q8F,Pset_WindowCommon,IsExternal,True
2DedXznHnDaeAWsrTB_q8F,Pset_WindowCommon,Reference,10x10
2DedXznHnDaeAWsrTB_q8F,Fönsterförteckning,Våning,Level: Floor 0
2DedXznHnDaeAWsrTB_q8F,Fönsterförteckning,Fönster,2-luft fast: 10x10
2DedXznHnDaeAWsrTB_q8F,Fönsterförteckning,Typ,2-luft fast: 10x10
2DedXznHnDaeAWsrTB_q8F,Fönsterförteckning,Littera,Window: Littera
2DedXznHnDaeAWsrTB_q8F,Fönsterförteckning,Bröstning,1140.0
2DedXznHnDaeAWsrTB_q8F,Fönsterförteckning,Bredd,1010.0
2DedXznHnDaeAWsrTB_q8F,Fönsterförteckning,Höjd,1010.0
2DedXznHnDaeAWsrTB_q8F,Fönsterförteckning,Mark,234
2DedXznHnDaeAWsrTB_q8F,Fönsterförteckning,Type Mark,Window: Type Mark
2DedXznHnDaeAWsrTB_q8F,Custom_Pset,TypeMark,Window: Type Mark
2DedXznHnDaeAWsrTB_q8F,Custom_Pset,Keynote,Window: Keynote
2DedXznHnDaeAWsrTB_q8F,Custom_Pset,StoreyName,Level: Floor 0
2DedXznHnDaeAWsrTB_q8F,Custom_Pset,TypeDescription,Window: Description
2DedXznHnDaeAWsrTB_q8F,Custom_Pset,StatusConstruction,Nytt
2DedXznHnDaeAWsrTB_q8F,Custom_Pset,NetArea,0.836124999999994
2DedXznHnDaeAWsrTB_q8F,Custom_Pset,Height,1010.0
2DedXznHnDaeAWsrTB_q8F,Custom_Pset,Width,1010.0
2DedXznHnDaeAWsrTB_q8F,Custom_Pset,SillHeight,1140.0
2DedXznHnDaeAWsrTB_q8F,Custom_Pset,Hyperlink,Window: URL
2DedXznHnDaeAWsrTB_q8F,Constraints,Level,Level: Floor 0
2DedXznHnDaeAWsrTB_q8F,Constraints,Sill Height,1140.0
2DedXznHnDaeAWsrTB_q8F,Dimensions,Area,0.836124999999994
2DedXznHnDaeAWsrTB_q8F,Dimensions,Volume,0.0337349999999999
2DedXznHnDaeAWsrTB_q8F,Identity Data,Mark,234
2DedXznHnDaeAWsrTB_q8F,Other,Category,Windows
2DedXznHnDaeAWsrTB_q8F,Other,Family,2-luft fast: 10x10
2DedXznHnDaeAWsrTB_q8F,Other,Family and Type,2-luft fast: 10x10
2DedXznHnDaeAWsrTB_q8F,Other,Head Height,2150.0
2DedXznHnDaeAWsrTB_q8F,Other,Host Id,Basic Wall: Yttervägg Paroc
2DedXznHnDaeAWsrTB_q8F,Other,Type,2-luft fast: 10x10
2DedXznHnDaeAWsrTB_q8F,Other,Type Id,2-luft fast: 10x10
2DedXznHnDaeAWsrTB_q8F,Phasing,Phase Created,Nytt
2DedXznHnDaeAWsrTB_q8E,Pset_ManufacturerTypeInformation,Manufacturer,Window: Manufacturer
2DedXznHnDaeAWsrTB_q8E,Pset_ProductRequirements,Category,Windows
2DedXznHnDaeAWsrTB_q8E,Pset_QuantityTakeOff,Reference,10x10
2DedXznHnDaeAWsrTB_q8E,Pset_WindowCommon,IsExternal,True
2DedXznHnDaeAWsrTB_q8E,Pset_WindowCommon,Reference,10x10
2DedXznHnDaeAWsrTB_q8E,Fönsterförteckning,Våning,Level: Floor 0
2DedXznHnDaeAWsrTB_q8E,Fönsterförteckning,Fönster,2-luft fast: 10x10
2DedXznHnDaeAWsrTB_q8E,Fönsterförteckning,Typ,2-luft fast: 10x10
2DedXznHnDaeAWsrTB_q8E,Fönsterförteckning,Littera,Window: Littera
2DedXznHnDaeAWsrTB_q8E,Fönsterförteckning,Bröstning,1140.0
2DedXznHnDaeAWsrTB_q8E,Fönsterförteckning,Bredd,1010.0
2DedXznHnDaeAWsrTB_q8E,Fönsterförteckning,Höjd,1010.0
2DedXznHnDaeAWsrTB_q8E,Fönsterförteckning,Mark,235
2DedXznHnDaeAWsrTB_q8E,Fönsterförteckning,Type Mark,Window: Type Mark
2DedXznHnDaeAWsrTB_q8E,Custom_Pset,TypeMark,Window: Type Mark
2DedXznHnDaeAWsrTB_q8E,Custom_Pset,Keynote,Window: Keynote
2DedXznHnDaeAWsrTB_q8E,Custom_Pset,StoreyName,Level: Floor 0
2DedXznHnDaeAWsrTB_q8E,Custom_Pset,TypeDescription,Window: Description
2DedXznHnDaeAWsrTB_q8E,Custom_Pset,StatusConstruction,Nytt
2DedXznHnDaeAWsrTB_q8E,Custom_Pset,NetArea,0.836124999999994
2DedXznHnDaeAWsrTB_q8E,Custom_Pset,Height,1010.0
2DedXznHnDaeAWsrTB_q8E,Custom_Pset,Width,1010.0
2DedXznHnDaeAWsrTB_q8E,Custom_Pset,SillHeight,1140.0
2DedXznHnDaeAWsrTB_q8E,Custom_Pset,Hyperlink,Window: URL
2DedXznHnDaeAWsrTB_q8E,Constraints,Level,Level: Floor 0
2DedXznHnDaeAWsrTB_q8E,Constraints,Sill Height,1140.0
2DedXznHnDaeAWsrTB_q8E,Dimensions,Area,0.836124999999994
2DedXznHnDaeAWsrTB_q8E,Dimensions,Volume,0.0337349999999999
2DedXznHnDaeAWsrTB_q8E,Identity Data,Mark,235
2DedXznHnDaeAWsrTB_q8E,Other,Category,Windows
2DedXznHnDaeAWsrTB_q8E,Other,Family,2-luft fast: 10x10
2DedXznHnDaeAWsrTB_q8E,Other,Family and Type,2-luft fast: 10x10
2DedXznHnDaeAWsrTB_q8E,Other,Host Id,Basic Wall: Yttervägg Paroc
2DedXznHnDaeAWsrTB_q8E,Other,Type,2-luft fast: 10x10
2DedXznHnDaeAWsrTB_q8E,Other,Type Id,2-luft fast: 10x10
2DedXznHnDaeAWsrTB_q8E,Other,Head Height,2150.0
2DedXznHnDaeAWsrTB_q8E,Phasing,Phase Created,Nytt
2DedXznHnDaeAWsrTB_q8D,Pset_ManufacturerTypeInformation,Manufacturer,Window: Manufacturer
2DedXznHnDaeAWsrTB_q8D,Pset_ProductRequirements,Category,Windows
2DedXznHnDaeAWsrTB_q8D,Pset_QuantityTakeOff,Reference,10x10
2DedXznHnDaeAWsrTB_q8D,Pset_WindowCommon,IsExternal,True
2DedXznHnDaeAWsrTB_q8D,Pset_WindowCommon,Reference,10x10
2DedXznHnDaeAWsrTB_q8D,Fönsterförteckning,Våning,Level: Floor 0
2DedXznHnDaeAWsrTB_q8D,Fönsterförteckning,Fönster,2-luft fast: 10x10
2DedXznHnDaeAWsrTB_q8D,Fönsterförteckning,Typ,2-luft fast: 10x10
2DedXznHnDaeAWsrTB_q8D,Fönsterförteckning,Littera,Window: Littera
2DedXznHnDaeAWsrTB_q8D,Fönsterförteckning,Bröstning,1140.0
2DedXznHnDaeAWsrTB_q8D,Fönsterförteckning,Bredd,1010.0
2DedXznHnDaeAWsrTB_q8D,Fönsterförteckning,Höjd,1010.0
2DedXznHnDaeAWsrTB_q8D,Fönsterförteckning,Mark,236
2DedXznHnDaeAWsrTB_q8D,Fönsterförteckning,Type Mark,Window: Type Mark
2DedXznHnDaeAWsrTB_q8D,Custom_Pset,TypeMark,Window: Type Mark
2DedXznHnDaeAWsrTB_q8D,Custom_Pset,Keynote,Window: Keynote
2DedXznHnDaeAWsrTB_q8D,Custom_Pset,StoreyName,Level: Floor 0
2DedXznHnDaeAWsrTB_q8D,Custom_Pset,TypeDescription,Window: Description
2DedXznHnDaeAWsrTB_q8D,Custom_Pset,StatusConstruction,Nytt
2DedXznHnDaeAWsrTB_q8D,Custom_Pset,NetArea,0.836124999999994
2DedXznHnDaeAWsrTB_q8D,Custom_Pset,Height,1010.0
2DedXznHnDaeAWsrTB_q8D,Custom_Pset,Width,1010.0
2DedXznHnDaeAWsrTB_q8D,Custom_Pset,SillHeight,1140.0
2DedXznHnDaeAWsrTB_q8D,Custom_Pset,Hyperlink,Window: URL
2DedXznHnDaeAWsrTB_q8D,Constraints,Level,Level: Floor 0
2DedXznHnDaeAWsrTB_q8D,Constraints,Sill Height,1140.0
2DedXznHnDaeAWsrTB_q8D,Dimensions,Area,0.836124999999994
2DedXznHnDaeAWsrTB_q8D,Dimensions,Volume,0.0337349999999999
2DedXznHnDaeAWsrTB_q8D,Identity Data,Mark,236
2DedXznHnDaeAWsrTB_q8D,Other,Category,Windows
2DedXznHnDaeAWsrTB_q8D,Other,Family,2-luft fast: 10x10
2DedXznHnDaeAWsrTB_q8D,Other,Family and Type,2-luft fast: 10x10
2DedXznHnDaeAWsrTB_q8D,Other,Host Id,Basic Wall: Yttervägg Paroc
2DedXznHnDaeAWsrTB_q8D,Other,Type,2-luft fast: 10x10
2DedXznHnDaeAWsrTB_q8D,Other,Type Id,2-luft fast: 10x10
2DedXznHnDaeAWsrTB_q8D,Other,Head Height,2150.0
2DedXznHnDaeAWsrTB_q8D,Phasing,Phase Created,Nytt
2DedXznHnDaeAWsrTB_q8C,Pset_ManufacturerTypeInformation,Manufacturer,Window: Manufacturer
2DedXznHnDaeAWsrTB_q8C,Pset_ProductRequirements,Category,Windows
2DedXznHnDaeAWsrTB_q8C,Pset_QuantityTakeOff,Reference,10x10
2DedXznHnDaeAWsrTB_q8C,Pset_WindowCommon,IsExternal,True
2DedXznHnDaeAWsrTB_q8C,Pset_WindowCommon,Reference,10x10
2DedXznHnDaeAWsrTB_q8C,Fönsterförteckning,Våning,Level: Floor 0
2DedXznHnDaeAWsrTB_q8C,Fönsterförteckning,Fönster,2-luft fast: 10x10
2DedXznHnDaeAWsrTB_q8C,Fönsterförteckning,Typ,2-luft fast: 10x10
2DedXznHnDaeAWsrTB_q8C,Fönsterförteckning,Littera,Window: Littera
2DedXznHnDaeAWsrTB_q8C,Fönsterförteckning,Bröstning,1140.0
2DedXznHnDaeAWsrTB_q8C,Fönsterförteckning,Bredd,1010.0
2DedXznHnDaeAWsrTB_q8C,Fönsterförteckning,Höjd,1010.0
2DedXznHnDaeAWsrTB_q8C,Fönsterförteckning,Mark,237
2DedXznHnDaeAWsrTB_q8C,Fönsterförteckning,Type Mark,Window: Type Mark
2DedXznHnDaeAWsrTB_q8C,Custom_Pset,TypeMark,Window: Type Mark
2DedXznHnDaeAWsrTB_q8C,Custom_Pset,Keynote,Window: Keynote
2DedXznHnDaeAWsrTB_q8C,Custom_Pset,StoreyName,Level: Floor 0
2DedXznHnDaeAWsrTB_q8C,Custom_Pset,TypeDescription,Window: Description
2DedXznHnDaeAWsrTB_q8C,Custom_Pset,StatusConstruction,Nytt
2DedXznHnDaeAWsrTB_q8C,Custom_Pset,NetArea,0.836124999999994
2DedXznHnDaeAWsrTB_q8C,Custom_Pset,Height,1010.0
2DedXznHnDaeAWsrTB_q8C,Custom_Pset,Width,1010.0
2DedXznHnDaeAWsrTB_q8C,Custom_Pset,SillHeight,1140.0
2DedXznHnDaeAWsrTB_q8C,Custom_Pset,Hyperlink,Window: URL
2DedXznHnDaeAWsrTB_q8C,Constraints,Level,Level: Floor 0
2DedXznHnDaeAWsrTB_q8C,Constraints,Sill Height,1140.0
2DedXznHnDaeAWsrTB_q8C,Dimensions,Area,0.836124999999994
2DedXznHnDaeAWsrTB_q8C,Dimensions,Volume,0.0337349999999999
2DedXznHnDaeAWsrTB_q8C,Identity Data,Mark,237
2DedXznHnDaeAWsrTB_q8C,Other,Category,Windows
2DedXznHnDaeAWsrTB_q8C,Other,Family,2-luft fast: 10x10
2DedXznHnDaeAWsrTB_q8C,Other,Family and Type,2-luft fast: 10x10
2DedXznHnDaeAWsrTB_q8C,Other,Host Id,Basic Wall: Yttervägg Paroc
2DedXznHnDaeAWsrTB_q8C,Other,Type,2-luft fast: 10x10
2DedXznHnDaeAWsrTB_q8C,Other,Type Id,2-luft fast: 10x10
2DedXznHnDaeAWsrTB_q8C,Other,Head Height,2150.0
2DedXznHnDaeAWsrTB_q8C,Phasing,Phase Created,Nytt
2DedXznHnDaeAWsrTB_q8B,Pset_ManufacturerTypeInformation,Manufacturer,Window: Manufacturer
2DedXznHnDaeAWsrTB_q8B,Pset_ProductRequirements,Category,Windows
2DedXznHnDaeAWsrTB_q8B,Pset_QuantityTakeOff,Reference,10x10
2DedXznHnDaeAWsrTB_q8B,Pset_WindowCommon,IsExternal,True
2DedXznHnDaeAWsrTB_q8B,Pset_WindowCommon,Reference,10x10
2DedXznHnDaeAWsrTB_q8B,Fönsterförteckning,Våning,Level: Floor 0
2DedXznHnDaeAWsrTB_q8B,Fönsterförteckning,Fönster,2-luft fast: 10x10
2DedXznHnDaeAWsrTB_q8B,Fönsterförteckning,Typ,2-luft fast: 10x10
2DedXznHnDaeAWsrTB_q8B,Fönsterförteckning,Littera,Window: Littera
2DedXznHnDaeAWsrTB_q8B,Fönsterförteckning,Bröstning,1140.0
2DedXznHnDaeAWsrTB_q8B,Fönsterförteckning,Bredd,1010.0
2DedXznHnDaeAWsrTB_q8B,Fönsterförteckning,Höjd,1010.0
2DedXznHnDaeAWsrTB_q8B,Fönsterförteckning,Mark,238
2DedXznHnDaeAWsrTB_q8B,Fönsterförteckning,Type Mark,Window: Type Mark
2DedXznHnDaeAWsrTB_q8B,Custom_Pset,TypeMark,Window: Type Mark
2DedXznHnDaeAWsrTB_q8B,Custom_Pset,Keynote,Window: Keynote
2DedXznHnDaeAWsrTB_q8B,Custom_Pset,StoreyName,Level: Floor 0
2DedXznHnDaeAWsrTB_q8B,Custom_Pset,TypeDescription,Window: Description
2DedXznHnDaeAWsrTB_q8B,Custom_Pset,StatusConstruction,Nytt
2DedXznHnDaeAWsrTB_q8B,Custom_Pset,NetArea,0.836124999999994
2DedXznHnDaeAWsrTB_q8B,Custom_Pset,Height,1010.0
2DedXznHnDaeAWsrTB_q8B,Custom_Pset,Width,1010.0
2DedXznHnDaeAWsrTB_q8B,Custom_Pset,SillHeight,1140.0
2DedXznHnDaeAWsrTB_q8B,Custom_Pset,Hyperlink,Window: URL
2DedXznHnDaeAWsrTB_q8B,Constraints,Level,Level: Floor 0
2DedXznHnDaeAWsrTB_q8B,Constraints,Sill Height,1140.0
2DedXznHnDaeAWsrTB_q8B,Dimensions,Area,0.836124999999994
2DedXznHnDaeAWsrTB_q8B,Dimensions,Volume,0.0337349999999999
2DedXznHnDaeAWsrTB_q8B,Identity Data,Mark,238
2DedXznHnDaeAWsrTB_q8B,Other,Category,Windows
2DedXznHnDaeAWsrTB_q8B,Other,Family,2-luft fast: 10x10
2DedXznHnDaeAWsrTB_q8B,Other,Family and Type,2-luft fast: 10x10
2DedXznHnDaeAWsrTB_q8B,Other,Host Id,Basic Wall: Yttervägg Paroc
2DedXznHnDaeAWsrTB_q8B,Other,Type,2-luft fast: 10x10
2DedXznHnDaeAWsrTB_q8B,Other,Type Id,2-luft fast: 10x10
2DedXznHnDaeAWsrTB_q8B,Other,Head Height,2150.0
2DedXznHnDaeAWsrTB_q8B,Phasing,Phase Created,Nytt
2DedXznHnDaeAWsrTB_q8A,Pset_ManufacturerTypeInformation,Manufacturer,Window: Manufacturer
2DedXznHnDaeAWsrTB_q8A,Pset_ProductRequirements,Category,Windows
2DedXznHnDaeAWsrTB_q8A,Pset_QuantityTakeOff,Reference,10x10
2DedXznHnDaeAWsrTB_q8A,Pset_WindowCommon,IsExternal,True
2DedXznHnDaeAWsrTB_q8A,Pset_WindowCommon,Reference,10x10
2DedXznHnDaeAWsrTB_q8A,Fönsterförteckning,Våning,Level: Floor 0
2DedXznHnDaeAWsrTB_q8A,Fönsterförteckning,Fönster,2-luft fast: 10x10
2DedXznHnDaeAWsrTB_q8A,Fönsterförteckning,Typ,2-luft fast: 10x10
2DedXznHnDaeAWsrTB_q8A,Fönsterförteckning,Littera,Window: Littera
2DedXznHnDaeAWsrTB_q8A,Fönsterförteckning,Bröstning,1140.0
2DedXznHnDaeAWsrTB_q8A,Fönsterförteckning,Bredd,1010.0
2DedXznHnDaeAWsrTB_q8A,Fönsterförteckning,Höjd,1010.0
2DedXznHnDaeAWsrTB_q8A,Fönsterförteckning,Mark,239
2DedXznHnDaeAWsrTB_q8A,Fönsterförteckning,Type Mark,Window: Type Mark
2DedXznHnDaeAWsrTB_q8A,Custom_Pset,TypeMark,Window: Type Mark
2DedXznHnDaeAWsrTB_q8A,Custom_Pset,Keynote,Window: Keynote
2DedXznHnDaeAWsrTB_q8A,Custom_Pset,StoreyName,Level: Floor 0
2DedXznHnDaeAWsrTB_q8A,Custom_Pset,TypeDescription,Window: Description
2DedXznHnDaeAWsrTB_q8A,Custom_Pset,StatusConstruction,Nytt
2DedXznHnDaeAWsrTB_q8A,Custom_Pset,NetArea,0.836124999999994
2DedXznHnDaeAWsrTB_q8A,Custom_Pset,Height,1010.0
2DedXznHnDaeAWsrTB_q8A,Custom_Pset,Width,1010.0
2DedXznHnDaeAWsrTB_q8A,Custom_Pset,SillHeight,1140.0
2DedXznHnDaeAWsrTB_q8A,Custom_Pset,Hyperlink,Window: URL
2DedXznHnDaeAWsrTB_q8A,Constraints,Level,Level: Floor 0
2DedXznHnDaeAWsrTB_q8A,Constraints,Sill Height,1140.0
2DedXznHnDaeAWsrTB_q8A,Dimensions,Area,0.836124999999994
2DedXznHnDaeAWsrTB_q8A,Dimensions,Volume,0.0337349999999999
2DedXznHnDaeAWsrTB_q8A,Identity Data,Mark,239
2DedXznHnDaeAWsrTB_q8A,Other,Category,Windows
2DedXznHnDaeAWsrTB_q8A,Other,Family,2-luft fast: 10x10
2DedXznHnDaeAWsrTB_q8A,Other,Family and Type,2-luft fast: 10x10
2DedXznHnDaeAWsrTB_q8A,Other,Host Id,Basic Wall: Yttervägg Paroc
2DedXznHnDaeAWsrTB_q8A,Other,Type,2-luft fast: 10x10
2DedXznHnDaeAWsrTB_q8A,Other,Type Id,2-luft fast: 10x10
2DedXznHnDaeAWsrTB_q8A,Other,Head Height,2150.0
2DedXznHnDaeAWsrTB_q8A,Phasing,Phase Created,Nytt
2DedXznHnDaeAWsrTB_q89,Pset_ManufacturerTypeInformation,Manufacturer,Window: Manufacturer
2DedXznHnDaeAWsrTB_q89,Pset_ProductRequirements,Category,Windows
2DedXznHnDaeAWsrTB_q89,Pset_QuantityTakeOff,Reference,10x10
2DedXznHnDaeAWsrTB_q89,Pset_WindowCommon,IsExternal,True
2DedXznHnDaeAWsrTB_q89,Pset_WindowCommon,Reference,10x10
2DedXznHnDaeAWsrTB_q89,Fönsterförteckning,Våning,Level: Floor 0
2DedXznHnDaeAWsrTB_q89,Fönsterförteckning,Fönster,2-luft fast: 10x10
2DedXznHnDaeAWsrTB_q89,Fönsterförteckning,Typ,2-luft fast: 10x10
2DedXznHnDaeAWsrTB_q89,Fönsterförteckning,Littera,Window: Littera
2DedXznHnDaeAWsrTB_q89,Fönsterförteckning,Bröstning,1140.0
2DedXznHnDaeAWsrTB_q89,Fönsterförteckning,Bredd,1010.0
2DedXznHnDaeAWsrTB_q89,Fönsterförteckning,Höjd,1010.0
2DedXznHnDaeAWsrTB_q89,Fönsterförteckning,Mark,240
2DedXznHnDaeAWsrTB_q89,Fönsterförteckning,Type Mark,Window: Type Mark
2DedXznHnDaeAWsrTB_q89,Custom_Pset,TypeMark,Window: Type Mark
2DedXznHnDaeAWsrTB_q89,Custom_Pset,Keynote,Window: Keynote
2DedXznHnDaeAWsrTB_q89,Custom_Pset,StoreyName,Level: Floor 0
2DedXznHnDaeAWsrTB_q89,Custom_Pset,TypeDescription,Window: Description
2DedXznHnDaeAWsrTB_q89,Custom_Pset,StatusConstruction,Nytt
2DedXznHnDaeAWsrTB_q89,Custom_Pset,NetArea,0.836124999999994
2DedXznHnDaeAWsrTB_q89,Custom_Pset,Height,1010.0
2DedXznHnDaeAWsrTB_q89,Custom_Pset,Width,1010.0
2DedXznHnDaeAWsrTB_q89,Custom_Pset,SillHeight,1140.0
2DedXznHnDaeAWsrTB_q89,Custom_Pset,Hyperlink,Window: URL
2DedXznHnDaeAWsrTB_q89,Constraints,Level,Level: Floor 0
2DedXznHnDaeAWsrTB_q89,Constraints,Sill Height,1140.0
2DedXznHnDaeAWsrTB_q89,Dimensions,Area,0.836124999999994
2DedXznHnDaeAWsrTB_q89,Dimensions,Volume,0.0337349999999999
2DedXznHnDaeAWsrTB_q89,Identity Data,Mark,240
2DedXznHnDaeAWsrTB_q89,Other,Category,Windows
2DedXznHnDaeAWsrTB_q89,Other,Family,2-luft fast: 10x10
2DedXznHnDaeAWsrTB_q89,Other,Family and Type,2-luft fast: 10x10
2DedXznHnDaeAWsrTB_q89,Other,Host Id,Basic Wall: Yttervägg Paroc
2DedXznHnDaeAWsrTB_q89,Other,Type,2-luft fast: 10x10
2DedXznHnDaeAWsrTB_q89,Other,Type Id,2-luft fast: 10x10
2DedXznHnDaeAWsrTB_q89,Other,Head Height,2150.0
2DedXznHnDaeAWsrTB_q89,Phasing,Phase Created,Nytt
2DedXznHnDaeAWsrTB_q84,Pset_ManufacturerTypeInformation,Manufacturer,Window: Manufacturer
2DedXznHnDaeAWsrTB_q84,Pset_ProductRequirements,Category,Windows
2DedXznHnDaeAWsrTB_q84,Pset_QuantityTakeOff,Reference,10x10
2DedXznHnDaeAWsrTB_q84,Pset_WindowCommon,IsExternal,True
2DedXznHnDaeAWsrTB_q84,Pset_WindowCommon,Reference,10x10
2DedXznHnDaeAWsrTB_q84,Fönsterförteckning,Våning,Level: Floor 0
2DedXznHnDaeAWsrTB_q84,Fönsterförteckning,Fönster,2-luft fast: 10x10
2DedXznHnDaeAWsrTB_q84,Fönsterförteckning,Typ,2-luft fast: 10x10
2DedXznHnDaeAWsrTB_q84,Fönsterförteckning,Littera,Window: Littera
2DedXznHnDaeAWsrTB_q84,Fönsterförteckning,Bröstning,1140.0
2DedXznHnDaeAWsrTB_q84,Fönsterförteckning,Bredd,1010.0
2DedXznHnDaeAWsrTB_q84,Fönsterförteckning,Höjd,1010.0
2DedXznHnDaeAWsrTB_q84,Fönsterförteckning,Mark,241
2DedXznHnDaeAWsrTB_q84,Fönsterförteckning,Type Mark,Window: Type Mark
2DedXznHnDaeAWsrTB_q84,Custom_Pset,TypeMark,Window: Type Mark
2DedXznHnDaeAWsrTB_q84,Custom_Pset,Keynote,Window: Keynote
2DedXznHnDaeAWsrTB_q84,Custom_Pset,StoreyName,Level: Floor 0
2DedXznHnDaeAWsrTB_q84,Custom_Pset,TypeDescription,Window: Description
2DedXznHnDaeAWsrTB_q84,Custom_Pset,StatusConstruction,Nytt
2DedXznHnDaeAWsrTB_q84,Custom_Pset,NetArea,0.836124999999994
2DedXznHnDaeAWsrTB_q84,Custom_Pset,Height,1010.0
2DedXznHnDaeAWsrTB_q84,Custom_Pset,Width,1010.0
2DedXznHnDaeAWsrTB_q84,Custom_Pset,SillHeight,1140.0
2DedXznHnDaeAWsrTB_q84,Custom_Pset,Hyperlink,Window: URL
2DedXznHnDaeAWsrTB_q84,Constraints,Level,Level: Floor 0
2DedXznHnDaeAWsrTB_q84,Constraints,Sill Height,1140.0
2DedXznHnDaeAWsrTB_q84,Dimensions,Area,0.836124999999994
2DedXznHnDaeAWsrTB_q84,Dimensions,Volume,0.0337349999999999
2DedXznHnDaeAWsrTB_q84,Identity Data,Mark,241
2DedXznHnDaeAWsrTB_q84,Other,Category,Windows
2DedXznHnDaeAWsrTB_q84,Other,Family,2-luft fast: 10x10
2DedXznHnDaeAWsrTB_q84,Other,Family and Type,2-luft fast: 10x10
2DedXznHnDaeAWsrTB_q84,Other,Host Id,Basic Wall: Yttervägg Paroc
2DedXznHnDaeAWsrTB_q84,Other,Type,2-luft fast: 10x10
2DedXznHnDaeAWsrTB_q84,Other,Type Id,2-luft fast: 10x10
2DedXznHnDaeAWsrTB_q84,Other,Head Height,2150.0
2DedXznHnDaeAWsrTB_q84,Phasing,Phase Created,Nytt
2DedXznHnDaeAWsrTB_q83,Pset_ManufacturerTypeInformation,Manufacturer,Window: Manufacturer
2DedXznHnDaeAWsrTB_q83,Pset_ProductRequirements,Category,Windows
2DedXznHnDaeAWsrTB_q83,Pset_QuantityTakeOff,Reference,10x10
2DedXznHnDaeAWsrTB_q83,Pset_WindowCommon,IsExternal,True
2DedXznHnDaeAWsrTB_q83,Pset_WindowCommon,Reference,10x10
2DedXznHnDaeAWsrTB_q83,Fönsterförteckning,Våning,Level: Floor 0
2DedXznHnDaeAWsrTB_q83,Fönsterförteckning,Fönster,2-luft fast: 10x10
2DedXznHnDaeAWsrTB_q83,Fönsterförteckning,Typ,2-luft fast: 10x10
2DedXznHnDaeAWsrTB_q83,Fönsterförteckning,Littera,Window: Littera
2DedXznHnDaeAWsrTB_q83,Fönsterförteckning,Bröstning,1140.0
2DedXznHnDaeAWsrTB_q83,Fönsterförteckning,Bredd,1010.0
2DedXznHnDaeAWsrTB_q83,Fönsterförteckning,Höjd,1010.0
2DedXznHnDaeAWsrTB_q83,Fönsterförteckning,Mark,242
2DedXznHnDaeAWsrTB_q83,Fönsterförteckning,Type Mark,Window: Type Mark
2DedXznHnDaeAWsrTB_q83,Custom_Pset,TypeMark,Window: Type Mark
2DedXznHnDaeAWsrTB_q83,Custom_Pset,Keynote,Window: Keynote
2DedXznHnDaeAWsrTB_q83,Custom_Pset,StoreyName,Level: Floor 0
2DedXznHnDaeAWsrTB_q83,Custom_Pset,TypeDescription,Window: Description
2DedXznHnDaeAWsrTB_q83,Custom_Pset,StatusConstruction,Nytt
2DedXznHnDaeAWsrTB_q83,Custom_Pset,NetArea,0.836124999999994
2DedXznHnDaeAWsrTB_q83,Custom_Pset,Height,1010.0
2DedXznHnDaeAWsrTB_q83,Custom_Pset,Width,1010.0
2DedXznHnDaeAWsrTB_q83,Custom_Pset,SillHeight,1140.0
2DedXznHnDaeAWsrTB_q83,Custom_Pset,Hyperlink,Window: URL
2DedXznHnDaeAWsrTB_q83,Constraints,Level,Level: Floor 0
2DedXznHnDaeAWsrTB_q83,Constraints,Sill Height,1140.0
2DedXznHnDaeAWsrTB_q83,Dimensions,Area,0.836124999999994
2DedXznHnDaeAWsrTB_q83,Dimensions,Volume,0.0337349999999999
2DedXznHnDaeAWsrTB_q83,Identity Data,Mark,242
2DedXznHnDaeAWsrTB_q83,Other,Category,Windows
2DedXznHnDaeAWsrTB_q83,Other,Family,2-luft fast: 10x10
2DedXznHnDaeAWsrTB_q83,Other,Family and Type,2-luft fast: 10x10
2DedXznHnDaeAWsrTB_q83,Other,Host Id,Basic Wall: Yttervägg Paroc
2DedXznHnDaeAWsrTB_q83,Other,Type,2-luft fast: 10x10
2DedXznHnDaeAWsrTB_q83,Other,Type Id,2-luft fast: 10x10
2DedXznHnDaeAWsrTB_q83,Other,Head Height,2150.0
2DedXznHnDaeAWsrTB_q83,Phasing,Phase Created,Nytt
2DedXznHnDaeAWsrTB_q82,Pset_ManufacturerTypeInformation,Manufacturer,Window: Manufacturer
2DedXznHnDaeAWsrTB_q82,Pset_ProductRequirements,Category,Windows
2DedXznHnDaeAWsrTB_q82,Pset_QuantityTakeOff,Reference,10x10
2DedXznHnDaeAWsrTB_q82,Pset_WindowCommon,IsExternal,True
2DedXznHnDaeAWsrTB_q82,Pset_WindowCommon,Reference,10x10
2DedXznHnDaeAWsrTB_q82,Fönsterförteckning,Våning,Level: Floor 0
2DedXznHnDaeAWsrTB_q82,Fönsterförteckning,Fönster,2-luft fast: 10x10
2DedXznHnDaeAWsrTB_q82,Fönsterförteckning,Typ,2-luft fast: 10x10
2DedXznHnDaeAWsrTB_q82,Fönsterförteckning,Littera,Window: Littera
2DedXznHnDaeAWsrTB_q82,Fönsterförteckning,Bröstning,1140.0
2DedXznHnDaeAWsrTB_q82,Fönsterförteckning,Bredd,1010.0
2DedXznHnDaeAWsrTB_q82,Fönsterförteckning,Höjd,1010.0
2DedXznHnDaeAWsrTB_q82,Fönsterförteckning,Mark,243
2DedXznHnDaeAWsrTB_q82,Fönsterförteckning,Type Mark,Window: Type Mark
2DedXznHnDaeAWsrTB_q82,Custom_Pset,TypeMark,Window: Type Mark
2DedXznHnDaeAWsrTB_q82,Custom_Pset,Keynote,Window: Keynote
2DedXznHnDaeAWsrTB_q82,Custom_Pset,StoreyName,Level: Floor 0
2DedXznHnDaeAWsrTB_q82,Custom_Pset,TypeDescription,Window: Description
2DedXznHnDaeAWsrTB_q82,Custom_Pset,StatusConstruction,Nytt
2DedXznHnDaeAWsrTB_q82,Custom_Pset,NetArea,0.836124999999994
2DedXznHnDaeAWsrTB_q82,Custom_Pset,Height,1010.0
2DedXznHnDaeAWsrTB_q82,Custom_Pset,Width,1010.0
2DedXznHnDaeAWsrTB_q82,Custom_Pset,SillHeight,1140.0
2DedXznHnDaeAWsrTB_q82,Custom_Pset,Hyperlink,Window: URL
2DedXznHnDaeAWsrTB_q82,Constraints,Level,Level: Floor 0
2DedXznHnDaeAWsrTB_q82,Constraints,Sill Height,1140.0
2DedXznHnDaeAWsrTB_q82,Dimensions,Area,0.836124999999994
2DedXznHnDaeAWsrTB_q82,Dimensions,Volume,0.0337349999999999
2DedXznHnDaeAWsrTB_q82,Identity Data,Mark,243
2DedXznHnDaeAWsrTB_q82,Other,Category,Windows
2DedXznHnDaeAWsrTB_q82,Other,Family,2-luft fast: 10x10
2DedXznHnDaeAWsrTB_q82,Other,Family and Type,2-luft fast: 10x10
2DedXznHnDaeAWsrTB_q82,Other,Host Id,Basic Wall: Yttervägg Paroc
2DedXznHnDaeAWsrTB_q82,Other,Type,2-luft fast: 10x10
2DedXznHnDaeAWsrTB_q82,Other,Type Id,2-luft fast: 10x10
2DedXznHnDaeAWsrTB_q82,Other,Head Height,2150.0
2DedXznHnDaeAWsrTB_q82,Phasing,Phase Created,Nytt
2DedXznHnDaeAWsrTB_q81,Pset_ManufacturerTypeInformation,Manufacturer,Window: Manufacturer
2DedXznHnDaeAWsrTB_q81,Pset_ProductRequirements,Category,Windows
2DedXznHnDaeAWsrTB_q81,Pset_QuantityTakeOff,Reference,10x10
2DedXznHnDaeAWsrTB_q81,Pset_WindowCommon,IsExternal,True
2DedXznHnDaeAWsrTB_q81,Pset_WindowCommon,Reference,10x10
2DedXznHnDaeAWsrTB_q81,Fönsterförteckning,Våning,Level: Floor 0
2DedXznHnDaeAWsrTB_q81,Fönsterförteckning,Fönster,2-luft fast: 10x10
2DedXznHnDaeAWsrTB_q81,Fönsterförteckning,Typ,2-luft fast: 10x10
2DedXznHnDaeAWsrTB_q81,Fönsterförteckning,Littera,Window: Littera
2DedXznHnDaeAWsrTB_q81,Fönsterförteckning,Bröstning,1140.0
2DedXznHnDaeAWsrTB_q81,Fönsterförteckning,Bredd,1010.0
2DedXznHnDaeAWsrTB_q81,Fönsterförteckning,Höjd,1010.0
2DedXznHnDaeAWsrTB_q81,Fönsterförteckning,Mark,244
2DedXznHnDaeAWsrTB_q81,Fönsterförteckning,Type Mark,Window: Type Mark
2DedXznHnDaeAWsrTB_q81,Custom_Pset,TypeMark,Window: Type Mark
2DedXznHnDaeAWsrTB_q81,Custom_Pset,Keynote,Window: Keynote
2DedXznHnDaeAWsrTB_q81,Custom_Pset,StoreyName,Level: Floor 0
2DedXznHnDaeAWsrTB_q81,Custom_Pset,TypeDescription,Window: Description
2DedXznHnDaeAWsrTB_q81,Custom_Pset,StatusConstruction,Nytt
2DedXznHnDaeAWsrTB_q81,Custom_Pset,NetArea,0.836124999999994
2DedXznHnDaeAWsrTB_q81,Custom_Pset,Height,1010.0
2DedXznHnDaeAWsrTB_q81,Custom_Pset,Width,1010.0
2DedXznHnDaeAWsrTB_q81,Custom_Pset,SillHeight,1140.0
2DedXznHnDaeAWsrTB_q81,Custom_Pset,Hyperlink,Window: URL
2DedXznHnDaeAWsrTB_q81,Constraints,Level,Level: Floor 0
2DedXznHnDaeAWsrTB_q81,Constraints,Sill Height,1140.0
2DedXznHnDaeAWsrTB_q81,Dimensions,Area,0.836124999999994
2DedXznHnDaeAWsrTB_q81,Dimensions,Volume,0.0337349999999999
2DedXznHnDaeAWsrTB_q81,Identity Data,Mark,244
2DedXznHnDaeAWsrTB_q81,Other,Category,Windows
2DedXznHnDaeAWsrTB_q81,Other,Family,2-luft fast: 10x10
2DedXznHnDaeAWsrTB_q81,Other,Family and Type,2-luft fast: 10x10
2DedXznHnDaeAWsrTB_q81,Other,Host Id,Basic Wall: Yttervägg Paroc
2DedXznHnDaeAWsrTB_q81,Other,Type,2-luft fast: 10x10
2DedXznHnDaeAWsrTB_q81,Other,Type Id,2-luft fast: 10x10
2DedXznHnDaeAWsrTB_q81,Other,Head Height,2150.0
2DedXznHnDaeAWsrTB_q81,Phasing,Phase Created,Nytt
2DedXznHnDaeAWsrTB_q8_,Pset_ManufacturerTypeInformation,Manufacturer,Elitfönster: Manufacturer
2DedXznHnDaeAWsrTB_q8_,Pset_ProductRequirements,Category,Windows
2DedXznHnDaeAWsrTB_q8_,Pset_QuantityTakeOff,Reference,Fönster 22x22
2DedXznHnDaeAWsrTB_q8_,Pset_WindowCommon,IsExternal,True
2DedXznHnDaeAWsrTB_q8_,Pset_WindowCommon,Reference,Fönster 22x22
2DedXznHnDaeAWsrTB_q8_,Fönsterförteckning,Våning,Level: Floor 0
2DedXznHnDaeAWsrTB_q8_,Fönsterförteckning,Fönster,Window-Fixed_Frame-Elitfonster-Single_Pane: Fönster 22x22
2DedXznHnDaeAWsrTB_q8_,Fönsterförteckning,Typ,Window-Fixed_Frame-Elitfonster-Single_Pane: Fönster 22x22
2DedXznHnDaeAWsrTB_q8_,Fönsterförteckning,Bröstning,220.0
2DedXznHnDaeAWsrTB_q8_,Fönsterförteckning,Bredd,2180.0
2DedXznHnDaeAWsrTB_q8_,Fönsterförteckning,Höjd,2180.0
2DedXznHnDaeAWsrTB_q8_,Fönsterförteckning,Mark,245
2DedXznHnDaeAWsrTB_q8_,Fönsterförteckning,Type Mark,Elitfönster: Type Mark
2DedXznHnDaeAWsrTB_q8_,Custom_Pset,TypeMark,Elitfönster: Type Mark
2DedXznHnDaeAWsrTB_q8_,Custom_Pset,Keynote,Elitfönster: Keynote
2DedXznHnDaeAWsrTB_q8_,Custom_Pset,StoreyName,Level: Floor 0
2DedXznHnDaeAWsrTB_q8_,Custom_Pset,TypeDescription,Elitfönster: Description
2DedXznHnDaeAWsrTB_q8_,Custom_Pset,StatusConstruction,Nytt
2DedXznHnDaeAWsrTB_q8_,Custom_Pset,NetArea,9.93456000000003
2DedXznHnDaeAWsrTB_q8_,Custom_Pset,Height,2180.0
2DedXznHnDaeAWsrTB_q8_,Custom_Pset,Width,2180.0
2DedXznHnDaeAWsrTB_q8_,Custom_Pset,RoughWidth,2200.0
2DedXznHnDaeAWsrTB_q8_,Custom_Pset,SillHeight,220.0
2DedXznHnDaeAWsrTB_q8_,Custom_Pset,Hyperlink,Elitfönster: URL
2DedXznHnDaeAWsrTB_q8_,Constraints,Level,Level: Floor 0
2DedXznHnDaeAWsrTB_q8_,Constraints,Sill Height,220.0
2DedXznHnDaeAWsrTB_q8_,Construction,BO_Glass Type,4-16-4-16Ar-S(3)4 Ferrotech
2DedXznHnDaeAWsrTB_q8_,Dimensions,Area,9.93456000000003
2DedXznHnDaeAWsrTB_q8_,Dimensions,BO_Inset,50.0
2DedXznHnDaeAWsrTB_q8_,Dimensions,Volume,0.0994868480000064
2DedXznHnDaeAWsrTB_q8_,Energy Analysis,BO_U Glass,0.87
2DedXznHnDaeAWsrTB_q8_,Energy Analysis,BO_U Window,1.09171022641192
2DedXznHnDaeAWsrTB_q8_,Identity Data,Mark,245
2DedXznHnDaeAWsrTB_q8_,Other,Category,Windows
2DedXznHnDaeAWsrTB_q8_,Other,Host Id,Basic Wall: Yttervägg Paroc
2DedXznHnDaeAWsrTB_q8_,Other,Family,Window-Fixed_Frame-Elitfonster-Single_Pane: Fönster 22x22
2DedXznHnDaeAWsrTB_q8_,Other,Family and Type,Window-Fixed_Frame-Elitfonster-Single_Pane: Fönster 22x22
2DedXznHnDaeAWsrTB_q8_,Other,Head Height,2400.0
2DedXznHnDaeAWsrTB_q8_,Other,Type,Window-Fixed_Frame-Elitfonster-Single_Pane: Fönster 22x22
2DedXznHnDaeAWsrTB_q8_,Other,Type Id,Window-Fixed_Frame-Elitfonster-Single_Pane: Fönster 22x22
2DedXznHnDaeAWsrTB_q8_,Phasing,Phase Created,Nytt
2DedXznHnDaeAWsrTB_q8z,Pset_ManufacturerTypeInformation,Manufacturer,Elitfönster: Manufacturer
2DedXznHnDaeAWsrTB_q8z,Pset_ProductRequirements,Category,Windows
2DedXznHnDaeAWsrTB_q8z,Pset_QuantityTakeOff,Reference,Fönster 22x22
2DedXznHnDaeAWsrTB_q8z,Pset_WindowCommon,IsExternal,True
2DedXznHnDaeAWsrTB_q8z,Pset_WindowCommon,Reference,Fönster 22x22
2DedXznHnDaeAWsrTB_q8z,Fönsterförteckning,Våning,Level: Floor 0
2DedXznHnDaeAWsrTB_q8z,Fönsterförteckning,Fönster,Window-Fixed_Frame-Elitfonster-Single_Pane: Fönster 22x22
2DedXznHnDaeAWsrTB_q8z,Fönsterförteckning,Typ,Window-Fixed_Frame-Elitfonster-Single_Pane: Fönster 22x22
2DedXznHnDaeAWsrTB_q8z,Fönsterförteckning,Bröstning,220.0
2DedXznHnDaeAWsrTB_q8z,Fönsterförteckning,Bredd,2180.0
2DedXznHnDaeAWsrTB_q8z,Fönsterförteckning,Höjd,2180.0
2DedXznHnDaeAWsrTB_q8z,Fönsterförteckning,Mark,246
2DedXznHnDaeAWsrTB_q8z,Fönsterförteckning,Type Mark,Elitfönster: Type Mark
2DedXznHnDaeAWsrTB_q8z,Custom_Pset,TypeMark,Elitfönster: Type Mark
2DedXznHnDaeAWsrTB_q8z,Custom_Pset,Keynote,Elitfönster: Keynote
2DedXznHnDaeAWsrTB_q8z,Custom_Pset,StoreyName,Level: Floor 0
2DedXznHnDaeAWsrTB_q8z,Custom_Pset,TypeDescription,Elitfönster: Description
2DedXznHnDaeAWsrTB_q8z,Custom_Pset,StatusConstruction,Nytt
2DedXznHnDaeAWsrTB_q8z,Custom_Pset,NetArea,9.93456000000003
2DedXznHnDaeAWsrTB_q8z,Custom_Pset,Height,2180.0
2DedXznHnDaeAWsrTB_q8z,Custom_Pset,Width,2180.0
2DedXznHnDaeAWsrTB_q8z,Custom_Pset,RoughWidth,2200.0
2DedXznHnDaeAWsrTB_q8z,Custom_Pset,SillHeight,220.0
2DedXznHnDaeAWsrTB_q8z,Custom_Pset,Hyperlink,Elitfönster: URL
2DedXznHnDaeAWsrTB_q8z,Constraints,Level,Level: Floor 0
2DedXznHnDaeAWsrTB_q8z,Constraints,Sill Height,220.0
2DedXznHnDaeAWsrTB_q8z,Construction,BO_Glass Type,4-16-4-16Ar-S(3)4 Ferrotech
2DedXznHnDaeAWsrTB_q8z,Dimensions,Area,9.93456000000003
2DedXznHnDaeAWsrTB_q8z,Dimensions,BO_Inset,50.0
2DedXznHnDaeAWsrTB_q8z,Dimensions,Volume,0.0994868480000064
2DedXznHnDaeAWsrTB_q8z,Energy Analysis,BO_U Glass,0.87
2DedXznHnDaeAWsrTB_q8z,Energy Analysis,BO_U Window,1.09171022641192
2DedXznHnDaeAWsrTB_q8z,Identity Data,Mark,246
2DedXznHnDaeAWsrTB_q8z,Other,Category,Windows
2DedXznHnDaeAWsrTB_q8z,Other,Host Id,Basic Wall: Yttervägg Paroc
2DedXznHnDaeAWsrTB_q8z,Other,Family,Window-Fixed_Frame-Elitfonster-Single_Pane: Fönster 22x22
2DedXznHnDaeAWsrTB_q8z,Other,Family and Type,Window-Fixed_Frame-Elitfonster-Single_Pane: Fönster 22x22
2DedXznHnDaeAWsrTB_q8z,Other,Type,Window-Fixed_Frame-Elitfonster-Single_Pane: Fönster 22x22
2DedXznHnDaeAWsrTB_q8z,Other,Type Id,Window-Fixed_Frame-Elitfonster-Single_Pane: Fönster 22x22
2DedXznHnDaeAWsrTB_q8z,Other,Head Height,2400.0
2DedXznHnDaeAWsrTB_q8z,Phasing,Phase Created,Nytt
2DedXznHnDaeAWsrTB_q8w,Pset_ManufacturerTypeInformation,Manufacturer,Elitfönster: Manufacturer
2DedXznHnDaeAWsrTB_q8w,Pset_ProductRequirements,Category,Windows
2DedXznHnDaeAWsrTB_q8w,Pset_QuantityTakeOff,Reference,Fönster 22x22
2DedXznHnDaeAWsrTB_q8w,Pset_WindowCommon,IsExternal,True
2DedXznHnDaeAWsrTB_q8w,Pset_WindowCommon,Reference,Fönster 22x22
2DedXznHnDaeAWsrTB_q8w,Fönsterförteckning,Våning,Level: Floor 0
2DedXznHnDaeAWsrTB_q8w,Fönsterförteckning,Fönster,Window-Fixed_Frame-Elitfonster-Single_Pane: Fönster 22x22
2DedXznHnDaeAWsrTB_q8w,Fönsterförteckning,Typ,Window-Fixed_Frame-Elitfonster-Single_Pane: Fönster 22x22
2DedXznHnDaeAWsrTB_q8w,Fönsterförteckning,Bröstning,220.0
2DedXznHnDaeAWsrTB_q8w,Fönsterförteckning,Bredd,2180.0
2DedXznHnDaeAWsrTB_q8w,Fönsterförteckning,Höjd,2180.0
2DedXznHnDaeAWsrTB_q8w,Fönsterförteckning,Mark,247
2DedXznHnDaeAWsrTB_q8w,Fönsterförteckning,Type Mark,Elitfönster: Type Mark
2DedXznHnDaeAWsrTB_q8w,Custom_Pset,TypeMark,Elitfönster: Type Mark
2DedXznHnDaeAWsrTB_q8w,Custom_Pset,Keynote,Elitfönster: Keynote
2DedXznHnDaeAWsrTB_q8w,Custom_Pset,StoreyName,Level: Floor 0
2DedXznHnDaeAWsrTB_q8w,Custom_Pset,TypeDescription,Elitfönster: Description
2DedXznHnDaeAWsrTB_q8w,Custom_Pset,StatusConstruction,Nytt
2DedXznHnDaeAWsrTB_q8w,Custom_Pset,NetArea,9.93456000000003
2DedXznHnDaeAWsrTB_q8w,Custom_Pset,Height,2180.0
2DedXznHnDaeAWsrTB_q8w,Custom_Pset,Width,2180.0
2DedXznHnDaeAWsrTB_q8w,Custom_Pset,RoughWidth,2200.0
2DedXznHnDaeAWsrTB_q8w,Custom_Pset,SillHeight,220.0
2DedXznHnDaeAWsrTB_q8w,Custom_Pset,Hyperlink,Elitfönster: URL
2DedXznHnDaeAWsrTB_q8w,Constraints,Level,Level: Floor 0
2DedXznHnDaeAWsrTB_q8w,Constraints,Sill Height,220.0
2DedXznHnDaeAWsrTB_q8w,Construction,BO_Glass Type,4-16-4-16Ar-S(3)4 Ferrotech
2DedXznHnDaeAWsrTB_q8w,Dimensions,Area,9.93456000000003
2DedXznHnDaeAWsrTB_q8w,Dimensions,BO_Inset,50.0
2DedXznHnDaeAWsrTB_q8w,Dimensions,Volume,0.0994868480000064
2DedXznHnDaeAWsrTB_q8w,Energy Analysis,BO_U Glass,0.87
2DedXznHnDaeAWsrTB_q8w,Energy Analysis,BO_U Window,1.09171022641192
2DedXznHnDaeAWsrTB_q8w,Identity Data,Mark,247
2DedXznHnDaeAWsrTB_q8w,Other,Category,Windows
2DedXznHnDaeAWsrTB_q8w,Other,Host Id,Basic Wall: Yttervägg Paroc
2DedXznHnDaeAWsrTB_q8w,Other,Family,Window-Fixed_Frame-Elitfonster-Single_Pane: Fönster 22x22
2DedXznHnDaeAWsrTB_q8w,Other,Family and Type,Window-Fixed_Frame-Elitfonster-Single_Pane: Fönster 22x22
2DedXznHnDaeAWsrTB_q8w,Other,Type,Window-Fixed_Frame-Elitfonster-Single_Pane: Fönster 22x22
2DedXznHnDaeAWsrTB_q8w,Other,Type Id,Window-Fixed_Frame-Elitfonster-Single_Pane: Fönster 22x22
2DedXznHnDaeAWsrTB_q8w,Other,Head Height,2400.0
2DedXznHnDaeAWsrTB_q8w,Phasing,Phase Created,Nytt
2DedXznHnDaeAWsrTB_q8v,Pset_ManufacturerTypeInformation,Manufacturer,Elitfönster: Manufacturer
2DedXznHnDaeAWsrTB_q8v,Pset_ProductRequirements,Category,Windows
2DedXznHnDaeAWsrTB_q8v,Pset_QuantityTakeOff,Reference,Fönster 22x22
2DedXznHnDaeAWsrTB_q8v,Pset_WindowCommon,IsExternal,True
2DedXznHnDaeAWsrTB_q8v,Pset_WindowCommon,Reference,Fönster 22x22
2DedXznHnDaeAWsrTB_q8v,Fönsterförteckning,Våning,Level: Floor 0
2DedXznHnDaeAWsrTB_q8v,Fönsterförteckning,Fönster,Window-Fixed_Frame-Elitfonster-Single_Pane: Fönster 22x22
2DedXznHnDaeAWsrTB_q8v,Fönsterförteckning,Typ,Window-Fixed_Frame-Elitfonster-Single_Pane: Fönster 22x22
2DedXznHnDaeAWsrTB_q8v,Fönsterförteckning,Bröstning,220.0
2DedXznHnDaeAWsrTB_q8v,Fönsterförteckning,Bredd,2180.0
2DedXznHnDaeAWsrTB_q8v,Fönsterförteckning,Höjd,2180.0
2DedXznHnDaeAWsrTB_q8v,Fönsterförteckning,Mark,248
2DedXznHnDaeAWsrTB_q8v,Fönsterförteckning,Type Mark,Elitfönster: Type Mark
2DedXznHnDaeAWsrTB_q8v,Custom_Pset,TypeMark,Elitfönster: Type Mark
2DedXznHnDaeAWsrTB_q8v,Custom_Pset,Keynote,Elitfönster: Keynote
2DedXznHnDaeAWsrTB_q8v,Custom_Pset,StoreyName,Level: Floor 0
2DedXznHnDaeAWsrTB_q8v,Custom_Pset,TypeDescription,Elitfönster: Description
2DedXznHnDaeAWsrTB_q8v,Custom_Pset,StatusConstruction,Nytt
2DedXznHnDaeAWsrTB_q8v,Custom_Pset,NetArea,9.93456000000003
2DedXznHnDaeAWsrTB_q8v,Custom_Pset,Height,2180.0
2DedXznHnDaeAWsrTB_q8v,Custom_Pset,Width,2180.0
2DedXznHnDaeAWsrTB_q8v,Custom_Pset,RoughWidth,2200.0
2DedXznHnDaeAWsrTB_q8v,Custom_Pset,SillHeight,220.0
2DedXznHnDaeAWsrTB_q8v,Custom_Pset,Hyperlink,Elitfönster: URL
2DedXznHnDaeAWsrTB_q8v,Constraints,Level,Level: Floor 0
2DedXznHnDaeAWsrTB_q8v,Constraints,Sill Height,220.0
2DedXznHnDaeAWsrTB_q8v,Construction,BO_Glass Type,4-16-4-16Ar-S(3)4 Ferrotech
2DedXznHnDaeAWsrTB_q8v,Dimensions,Area,9.93456000000003
2DedXznHnDaeAWsrTB_q8v,Dimensions,BO_Inset,50.0
2DedXznHnDaeAWsrTB_q8v,Dimensions,Volume,0.0994868480000064
2DedXznHnDaeAWsrTB_q8v,Energy Analysis,BO_U Glass,0.87
2DedXznHnDaeAWsrTB_q8v,Energy Analysis,BO_U Window,1.09171022641192
2DedXznHnDaeAWsrTB_q8v,Identity Data,Mark,248
2DedXznHnDaeAWsrTB_q8v,Other,Category,Windows
2DedXznHnDaeAWsrTB_q8v,Other,Host Id,Basic Wall: Yttervägg Paroc
2DedXznHnDaeAWsrTB_q8v,Other,Family,Window-Fixed_Frame-Elitfonster-Single_Pane: Fönster 22x22
2DedXznHnDaeAWsrTB_q8v,Other,Family and Type,Window-Fixed_Frame-Elitfonster-Single_Pane: Fönster 22x22
2DedXznHnDaeAWsrTB_q8v,Other,Type,Window-Fixed_Frame-Elitfonster-Single_Pane: Fönster 22x22
2DedXznHnDaeAWsrTB_q8v,Other,Type Id,Window-Fixed_Frame-Elitfonster-Single_Pane: Fönster 22x22
2DedXznHnDaeAWsrTB_q8v,Other,Head Height,2400.0
2DedXznHnDaeAWsrTB_q8v,Phasing,Phase Created,Nytt
2DedXznHnDaeAWsrTB_q8u,Pset_ManufacturerTypeInformation,Manufacturer,Elitfönster: Manufacturer
2DedXznHnDaeAWsrTB_q8u,Pset_ProductRequirements,Category,Windows
2DedXznHnDaeAWsrTB_q8u,Pset_QuantityTakeOff,Reference,Fönster 22x22
2DedXznHnDaeAWsrTB_q8u,Pset_WindowCommon,IsExternal,True
2DedXznHnDaeAWsrTB_q8u,Pset_WindowCommon,Reference,Fönster 22x22
2DedXznHnDaeAWsrTB_q8u,Fönsterförteckning,Våning,Level: Floor 0
2DedXznHnDaeAWsrTB_q8u,Fönsterförteckning,Fönster,Window-Fixed_Frame-Elitfonster-Single_Pane: Fönster 22x22
2DedXznHnDaeAWsrTB_q8u,Fönsterförteckning,Typ,Window-Fixed_Frame-Elitfonster-Single_Pane: Fönster 22x22
2DedXznHnDaeAWsrTB_q8u,Fönsterförteckning,Bröstning,220.0
2DedXznHnDaeAWsrTB_q8u,Fönsterförteckning,Bredd,2180.0
2DedXznHnDaeAWsrTB_q8u,Fönsterförteckning,Höjd,2180.0
2DedXznHnDaeAWsrTB_q8u,Fönsterförteckning,Mark,249
2DedXznHnDaeAWsrTB_q8u,Fönsterförteckning,Type Mark,Elitfönster: Type Mark
2DedXznHnDaeAWsrTB_q8u,Custom_Pset,TypeMark,Elitfönster: Type Mark
2DedXznHnDaeAWsrTB_q8u,Custom_Pset,Keynote,Elitfönster: Keynote
2DedXznHnDaeAWsrTB_q8u,Custom_Pset,StoreyName,Level: Floor 0
2DedXznHnDaeAWsrTB_q8u,Custom_Pset,TypeDescription,Elitfönster: Description
2DedXznHnDaeAWsrTB_q8u,Custom_Pset,StatusConstruction,Nytt
2DedXznHnDaeAWsrTB_q8u,Custom_Pset,NetArea,9.93456000000003
2DedXznHnDaeAWsrTB_q8u,Custom_Pset,Height,2180.0
2DedXznHnDaeAWsrTB_q8u,Custom_Pset,Width,2180.0
2DedXznHnDaeAWsrTB_q8u,Custom_Pset,RoughWidth,2200.0
2DedXznHnDaeAWsrTB_q8u,Custom_Pset,SillHeight,220.0
2DedXznHnDaeAWsrTB_q8u,Custom_Pset,Hyperlink,Elitfönster: URL
2DedXznHnDaeAWsrTB_q8u,Constraints,Level,Level: Floor 0
2DedXznHnDaeAWsrTB_q8u,Constraints,Sill Height,220.0
2DedXznHnDaeAWsrTB_q8u,Construction,BO_Glass Type,4-16-4-16Ar-S(3)4 Ferrotech
2DedXznHnDaeAWsrTB_q8u,Dimensions,Area,9.93456000000003
2DedXznHnDaeAWsrTB_q8u,Dimensions,BO_Inset,50.0
2DedXznHnDaeAWsrTB_q8u,Dimensions,Volume,0.0994868480000064
2DedXznHnDaeAWsrTB_q8u,Energy Analysis,BO_U Glass,0.87
2DedXznHnDaeAWsrTB_q8u,Energy Analysis,BO_U Window,1.09171022641192
2DedXznHnDaeAWsrTB_q8u,Identity Data,Mark,249
2DedXznHnDaeAWsrTB_q8u,Other,Category,Windows
2DedXznHnDaeAWsrTB_q8u,Other,Host Id,Basic Wall: Yttervägg Paroc
2DedXznHnDaeAWsrTB_q8u,Other,Family,Window-Fixed_Frame-Elitfonster-Single_Pane: Fönster 22x22
2DedXznHnDaeAWsrTB_q8u,Other,Family and Type,Window-Fixed_Frame-Elitfonster-Single_Pane: Fönster 22x22
2DedXznHnDaeAWsrTB_q8u,Other,Type,Window-Fixed_Frame-Elitfonster-Single_Pane: Fönster 22x22
2DedXznHnDaeAWsrTB_q8u,Other,Type Id,Window-Fixed_Frame-Elitfonster-Single_Pane: Fönster 22x22
2DedXznHnDaeAWsrTB_q8u,Other,Head Height,2400.0
2DedXznHnDaeAWsrTB_q8u,Phasing,Phase Created,Nytt
2DedXznHnDaeAWsrTB_q9S,Pset_ManufacturerTypeInformation,Manufacturer,Elitfönster: Manufacturer
2DedXznHnDaeAWsrTB_q9S,Pset_ProductRequirements,Category,Windows
2DedXznHnDaeAWsrTB_q9S,Pset_QuantityTakeOff,Reference,Fönster Kök Avlångt
2DedXznHnDaeAWsrTB_q9S,Pset_WindowCommon,IsExternal,True
2DedXznHnDaeAWsrTB_q9S,Pset_WindowCommon,Reference,Fönster Kök Avlångt
2DedXznHnDaeAWsrTB_q9S,Fönsterförteckning,Våning,Level: Floor 0
2DedXznHnDaeAWsrTB_q9S,Fönsterförteckning,Fönster,Window-Fixed_Frame-Elitfonster-Single_Pane: Fönster Kök Avlångt
2DedXznHnDaeAWsrTB_q9S,Fönsterförteckning,Typ,Window-Fixed_Frame-Elitfonster-Single_Pane: Fönster Kök Avlångt
2DedXznHnDaeAWsrTB_q9S,Fönsterförteckning,Bröstning,1000.0
2DedXznHnDaeAWsrTB_q9S,Fönsterförteckning,Bredd,580.0
2DedXznHnDaeAWsrTB_q9S,Fönsterförteckning,Höjd,1180.0
2DedXznHnDaeAWsrTB_q9S,Fönsterförteckning,Mark,250
2DedXznHnDaeAWsrTB_q9S,Fönsterförteckning,Type Mark,Elitfönster: Type Mark
2DedXznHnDaeAWsrTB_q9S,Custom_Pset,TypeMark,Elitfönster: Type Mark
2DedXznHnDaeAWsrTB_q9S,Custom_Pset,Keynote,Elitfönster: Keynote
2DedXznHnDaeAWsrTB_q9S,Custom_Pset,StoreyName,Level: Floor 0
2DedXznHnDaeAWsrTB_q9S,Custom_Pset,TypeDescription,Elitfönster: Description
2DedXznHnDaeAWsrTB_q9S,Custom_Pset,StatusConstruction,Nytt
2DedXznHnDaeAWsrTB_q9S,Custom_Pset,NetArea,1.53336000000001
2DedXznHnDaeAWsrTB_q9S,Custom_Pset,Height,1180.0
2DedXznHnDaeAWsrTB_q9S,Custom_Pset,Width,580.0
2DedXznHnDaeAWsrTB_q9S,Custom_Pset,RoughWidth,600.0
2DedXznHnDaeAWsrTB_q9S,Custom_Pset,SillHeight,1000.0
2DedXznHnDaeAWsrTB_q9S,Custom_Pset,Hyperlink,Elitfönster: URL
2DedXznHnDaeAWsrTB_q9S,Constraints,Level,Level: Floor 0
2DedXznHnDaeAWsrTB_q9S,Constraints,Sill Height,1000.0
2DedXznHnDaeAWsrTB_q9S,Construction,BO_Glass Type,4-16-4-16Ar-S(3)4 Ferrotech
2DedXznHnDaeAWsrTB_q9S,Dimensions,Area,1.53336000000001
2DedXznHnDaeAWsrTB_q9S,Dimensions,BO_Inset,50.0
2DedXznHnDaeAWsrTB_q9S,Dimensions,Volume,0.0291076480000023
2DedXznHnDaeAWsrTB_q9S,Energy Analysis,BO_U Glass,0.87
2DedXznHnDaeAWsrTB_q9S,Energy Analysis,BO_U Window,1.43313804792519
2DedXznHnDaeAWsrTB_q9S,Identity Data,Mark,250
2DedXznHnDaeAWsrTB_q9S,Other,Category,Windows
2DedXznHnDaeAWsrTB_q9S,Other,Host Id,Basic Wall: Yttervägg Paroc
2DedXznHnDaeAWsrTB_q9S,Other,Family,Window-Fixed_Frame-Elitfonster-Single_Pane: Fönster Kök Avlångt
2DedXznHnDaeAWsrTB_q9S,Other,Family and Type,Window-Fixed_Frame-Elitfonster-Single_Pane: Fönster Kök Avlångt
2DedXznHnDaeAWsrTB_q9S,Other,Head Height,2180.0
2DedXznHnDaeAWsrTB_q9S,Other,Type,Window-Fixed_Frame-Elitfonster-Single_Pane: Fönster Kök Avlångt
2DedXznHnDaeAWsrTB_q9S,Other,Type Id,Window-Fixed_Frame-Elitfonster-Single_Pane: Fönster Kök Avlångt
2DedXznHnDaeAWsrTB_q9S,Phasing,Phase Created,Nytt
2DedXznHnDaeAWsrTB_rra,Pset_ProductRequirements,Category,Windows
2DedXznHnDaeAWsrTB_rra,Pset_QuantityTakeOff,Reference,10x10
2DedXznHnDaeAWsrTB_rra,Pset_WindowCommon,IsExternal,True
2DedXznHnDaeAWsrTB_rra,Pset_WindowCommon,Reference,10x10
2DedXznHnDaeAWsrTB_rra,Fönsterförteckning,Våning,Level: Floor 0
2DedXznHnDaeAWsrTB_rra,Fönsterförteckning,Fönster,1-luft öppningsbart: 10x10
2DedXznHnDaeAWsrTB_rra,Fönsterförteckning,Typ,1-luft öppningsbart: 10x10
2DedXznHnDaeAWsrTB_rra,Fönsterförteckning,Littera,F10
2DedXznHnDaeAWsrTB_rra,Fönsterförteckning,Bröstning,1140.0
2DedXznHnDaeAWsrTB_rra,Fönsterförteckning,Bredd,1010.0
2DedXznHnDaeAWsrTB_rra,Fönsterförteckning,Höjd,1010.0
2DedXznHnDaeAWsrTB_rra,Fönsterförteckning,Mark,251
2DedXznHnDaeAWsrTB_rra,Fönsterförteckning,Type Mark,1
2DedXznHnDaeAWsrTB_rra,Custom_Pset,TypeMark,1
2DedXznHnDaeAWsrTB_rra,Custom_Pset,StoreyName,Level: Floor 0
2DedXznHnDaeAWsrTB_rra,Custom_Pset,StatusConstruction,Nytt
2DedXznHnDaeAWsrTB_rra,Custom_Pset,NetArea,0.691675000000002
2DedXznHnDaeAWsrTB_rra,Custom_Pset,Height,1010.0
2DedXznHnDaeAWsrTB_rra,Custom_Pset,Width,1010.0
2DedXznHnDaeAWsrTB_rra,Custom_Pset,SillHeight,1140.0
2DedXznHnDaeAWsrTB_rra,Constraints,Level,Level: Floor 0
2DedXznHnDaeAWsrTB_rra,Constraints,Sill Height,1140.0
2DedXznHnDaeAWsrTB_rra,Dimensions,Area,0.691675000000002
2DedXznHnDaeAWsrTB_rra,Dimensions,Volume,0.0284250000000003
2DedXznHnDaeAWsrTB_rra,Identity Data,Mark,251
2DedXznHnDaeAWsrTB_rra,Other,Category,Windows
2DedXznHnDaeAWsrTB_rra,Other,Host Id,Basic Wall: Yttervägg Paroc
2DedXznHnDaeAWsrTB_rra,Other,Family,1-luft öppningsbart: 10x10
2DedXznHnDaeAWsrTB_rra,Other,Family and Type,1-luft öppningsbart: 10x10
2DedXznHnDaeAWsrTB_rra,Other,Head Height,2150.0
2DedXznHnDaeAWsrTB_rra,Other,Type,1-luft öppningsbart: 10x10
2DedXznHnDaeAWsrTB_rra,Other,Type Id,1-luft öppningsbart: 10x10
2DedXznHnDaeAWsrTB_rra,Phasing,Phase Created,Nytt
2DedXznHnDaeAWsrTB_rvg,Pset_ManufacturerTypeInformation,Manufacturer,Window: Manufacturer
2DedXznHnDaeAWsrTB_rvg,Pset_ProductRequirements,Category,Windows
2DedXznHnDaeAWsrTB_rvg,Pset_QuantityTakeOff,Reference,10x10
2DedXznHnDaeAWsrTB_rvg,Pset_WindowCommon,IsExternal,True
2DedXznHnDaeAWsrTB_rvg,Pset_WindowCommon,Reference,10x10
2DedXznHnDaeAWsrTB_rvg,Fönsterförteckning,Våning,Level: Floor 0
2DedXznHnDaeAWsrTB_rvg,Fönsterförteckning,Fönster,2-luft fast: 10x10
2DedXznHnDaeAWsrTB_rvg,Fönsterförteckning,Typ,2-luft fast: 10x10
2DedXznHnDaeAWsrTB_rvg,Fönsterförteckning,Littera,Window: Littera
2DedXznHnDaeAWsrTB_rvg,Fönsterförteckning,Bröstning,1140.0
2DedXznHnDaeAWsrTB_rvg,Fönsterförteckning,Bredd,1010.0
2DedXznHnDaeAWsrTB_rvg,Fönsterförteckning,Höjd,1010.0
2DedXznHnDaeAWsrTB_rvg,Fönsterförteckning,Mark,252
2DedXznHnDaeAWsrTB_rvg,Fönsterförteckning,Type Mark,Window: Type Mark
2DedXznHnDaeAWsrTB_rvg,Custom_Pset,TypeMark,Window: Type Mark
2DedXznHnDaeAWsrTB_rvg,Custom_Pset,Keynote,Window: Keynote
2DedXznHnDaeAWsrTB_rvg,Custom_Pset,StoreyName,Level: Floor 0
2DedXznHnDaeAWsrTB_rvg,Custom_Pset,TypeDescription,Window: Description
2DedXznHnDaeAWsrTB_rvg,Custom_Pset,StatusConstruction,Nytt
2DedXznHnDaeAWsrTB_rvg,Custom_Pset,NetArea,0.836124999999994
2DedXznHnDaeAWsrTB_rvg,Custom_Pset,Height,1010.0
2DedXznHnDaeAWsrTB_rvg,Custom_Pset,Width,1010.0
2DedXznHnDaeAWsrTB_rvg,Custom_Pset,SillHeight,1140.0
2DedXznHnDaeAWsrTB_rvg,Custom_Pset,Hyperlink,Window: URL
2DedXznHnDaeAWsrTB_rvg,Constraints,Level,Level: Floor 0
2DedXznHnDaeAWsrTB_rvg,Constraints,Sill Height,1140.0
2DedXznHnDaeAWsrTB_rvg,Dimensions,Area,0.836124999999994
2DedXznHnDaeAWsrTB_rvg,Dimensions,Volume,0.0337349999999999
2DedXznHnDaeAWsrTB_rvg,Identity Data,Mark,252
2DedXznHnDaeAWsrTB_rvg,Other,Category,Windows
2DedXznHnDaeAWsrTB_rvg,Other,Family,2-luft fast: 10x10
2DedXznHnDaeAWsrTB_rvg,Other,Family and Type,2-luft fast: 10x10
2DedXznHnDaeAWsrTB_rvg,Other,Host Id,Basic Wall: Yttervägg Paroc
2DedXznHnDaeAWsrTB_rvg,Other,Type,2-luft fast: 10x10
2DedXznHnDaeAWsrTB_rvg,Other,Type Id,2-luft fast: 10x10
2DedXznHnDaeAWsrTB_rvg,Other,Head Height,2150.0
2DedXznHnDaeAWsrTB_rvg,Phasing,Phase Created,Nytt
